TransactionID,TransactionAmount,TransactionTime,MerchantCategory,CustomerAge,CustomerGender,CustomerIncome,TransactionLocation,PreviousFraudCount,Fraud
1,4910.15,5.12,Healthcare,70,Female,168527,Urban,3,1
2,3928.13,14.53,Travel,26,Male,59722,Rural,3,1
3,1501.22,20.39,Electronics,22,Female,52947,Rural,5,0
4,2477.2,13.27,Online,50,Female,45399,Rural,0,0
5,1512.13,9.24,Electronics,58,Female,31075,Suburban,3,0
6,2712.01,7.98,Healthcare,67,Male,144916,Urban,1,1
7,3405.84,14.85,Electronics,68,Male,197500,Urban,1,0
8,4078.46,0.12,Grocery,19,Female,186937,Suburban,5,1
9,4419.72,8.41,Restaurant,54,Female,160248,Rural,0,0
10,729.93,9.66,Fuel,60,Female,37511,Urban,2,0
11,2065.43,10.88,Electronics,68,Male,58580,Rural,3,0
12,2497.88,1.01,Healthcare,73,Male,142612,Rural,0,0
13,4888.89,5.33,Restaurant,58,Male,107519,Urban,1,1
14,3632.1,7.47,Healthcare,75,Female,75294,Rural,3,1
15,2900.08,16.62,Online,25,Female,37624,Urban,1,0
16,4494.98,23.43,Fuel,23,Female,140665,Suburban,4,1
17,2553.44,16.1,Fuel,20,Male,192491,Suburban,5,0
18,4633.28,20.79,Restaurant,75,Male,68613,Rural,5,1
19,982.26,22.52,Fashion,80,Female,173949,Urban,3,0
20,264.98,8.85,Online,62,Male,57735,Urban,0,0
21,930.26,5.49,Fashion,18,Female,171272,Rural,4,0
22,2197.28,19.77,Grocery,21,Female,72611,Urban,2,0
23,4198.48,1.52,Online,37,Male,196208,Rural,3,1
24,3593.59,3.04,Travel,63,Male,185454,Rural,3,1
25,3539.86,0.55,Fashion,49,Female,152231,Suburban,2,1
26,185.54,8.58,Healthcare,18,Male,143585,Rural,4,0
27,1974.64,16.47,Travel,74,Female,189178,Urban,5,0
28,4873.16,5.37,Fuel,40,Male,175278,Suburban,0,1
29,3787.81,5.57,Fashion,47,Male,34740,Urban,0,0
30,387.19,0.69,Electronics,55,Male,37450,Rural,1,0
31,3246.93,2.08,Fuel,45,Male,122264,Suburban,1,1
32,269.64,8.41,Travel,80,Male,193861,Rural,1,0
33,1888.23,12.05,Grocery,31,Male,190069,Suburban,4,0
34,2334.27,1.45,Travel,78,Female,101039,Urban,0,1
35,4836.35,5.49,Fashion,34,Male,97399,Suburban,1,0
36,500.89,12.8,Restaurant,75,Male,73725,Suburban,3,0
37,2239.0,19.86,Travel,61,Male,146112,Suburban,0,0
38,1557.15,8.55,Healthcare,79,Female,96103,Urban,1,0
39,680.81,3.61,Healthcare,80,Male,164613,Suburban,1,0
40,299.8,1.91,Electronics,26,Female,172479,Urban,3,0
41,4242.32,4.43,Healthcare,67,Female,152493,Rural,4,1
42,2097.68,22.66,Grocery,47,Male,106638,Urban,0,0
43,1060.25,9.7,Restaurant,19,Female,147251,Urban,3,1
44,3431.54,21.8,Fuel,42,Female,194879,Rural,2,1
45,915.84,4.54,Fashion,39,Male,45252,Urban,2,0
46,4570.09,2.78,Restaurant,77,Female,157962,Suburban,3,1
47,2042.05,22.05,Grocery,25,Female,111867,Suburban,2,1
48,2987.62,2.33,Online,75,Male,184431,Urban,1,0
49,4119.18,3.61,Travel,23,Female,30301,Suburban,3,1
50,1512.51,18.11,Online,51,Female,22999,Rural,5,0
51,1211.33,8.95,Fashion,20,Female,114583,Urban,4,0
52,3731.26,15.42,Travel,19,Male,139271,Suburban,4,1
53,3643.63,0.74,Fashion,19,Male,58418,Urban,0,1
54,262.18,23.79,Healthcare,77,Female,175025,Rural,0,0
55,3518.69,23.41,Restaurant,38,Male,116109,Suburban,5,1
56,4437.89,13.63,Online,80,Female,62029,Rural,3,1
57,425.43,10.89,Fuel,46,Male,139342,Rural,0,0
58,4946.49,18.01,Fashion,33,Male,129823,Urban,1,0
59,428.26,9.22,Fuel,75,Female,149046,Urban,4,0
60,2300.79,11.13,Travel,19,Male,186898,Urban,1,0
61,4259.89,13.23,Fashion,24,Female,47259,Suburban,1,0
62,2109.42,19.12,Grocery,55,Male,70331,Urban,0,1
63,1350.64,3.4,Restaurant,45,Female,129051,Urban,5,0
64,3909.43,19.69,Fashion,23,Female,116187,Rural,4,1
65,1191.26,10.56,Fashion,22,Male,174119,Urban,3,0
66,1173.23,11.07,Grocery,28,Female,124916,Urban,4,0
67,1046.08,11.81,Restaurant,29,Female,173098,Urban,5,0
68,2985.88,14.07,Electronics,19,Female,20058,Urban,4,0
69,705.0,7.67,Online,75,Male,40428,Rural,1,0
70,3575.59,21.62,Electronics,79,Female,191646,Urban,3,1
71,3225.52,20.18,Electronics,42,Female,187677,Rural,5,1
72,3182.74,17.9,Healthcare,64,Male,136700,Suburban,1,0
73,511.63,2.7,Healthcare,51,Female,132412,Rural,5,0
74,2680.44,5.72,Fashion,51,Female,187908,Rural,1,0
75,844.9,19.82,Fashion,20,Male,42426,Suburban,1,0
76,1656.31,12.96,Online,23,Male,175385,Urban,1,0
77,4604.15,17.23,Fuel,71,Male,54536,Suburban,4,1
78,2150.71,6.09,Grocery,23,Female,31416,Urban,2,0
79,4376.87,22.87,Electronics,47,Male,161409,Rural,3,1
80,3920.28,12.1,Healthcare,52,Male,142625,Suburban,0,0
81,2212.61,9.44,Online,69,Female,90738,Suburban,4,0
82,231.05,23.89,Restaurant,41,Male,32121,Urban,2,0
83,4746.19,6.46,Online,63,Male,55505,Urban,4,1
84,3332.9,18.37,Travel,21,Female,37544,Rural,2,1
85,2205.68,7.66,Online,79,Male,90880,Suburban,1,0
86,60.53,18.09,Electronics,46,Female,100640,Suburban,2,0
87,1703.28,7.01,Fashion,18,Female,195040,Rural,4,0
88,3410.3,16.41,Grocery,74,Female,174950,Urban,0,0
89,4325.69,19.49,Fuel,78,Female,189424,Suburban,2,1
90,2105.82,8.33,Grocery,28,Female,32062,Suburban,5,0
91,3224.72,8.91,Electronics,64,Female,173486,Urban,4,1
92,1679.97,0.48,Travel,39,Male,184904,Suburban,2,0
93,4152.13,5.16,Electronics,38,Male,42514,Suburban,2,1
94,3424.73,2.47,Grocery,36,Male,176224,Suburban,3,1
95,850.22,1.99,Restaurant,22,Female,108102,Urban,1,1
96,250.48,13.43,Online,65,Female,180903,Rural,0,0
97,2452.16,4.46,Restaurant,25,Male,42991,Rural,2,1
98,738.8,20.14,Fashion,60,Male,138790,Suburban,5,0
99,3260.0,9.62,Healthcare,68,Female,20588,Urban,0,0
100,3015.49,8.1,Travel,66,Male,70460,Suburban,1,0
101,118.48,4.87,Travel,44,Female,52920,Urban,4,0
102,4477.98,9.62,Online,19,Male,33024,Rural,3,1
103,4967.23,10.48,Online,30,Female,47882,Rural,0,0
104,285.14,7.52,Travel,71,Female,128884,Suburban,3,1
105,1082.44,11.81,Fuel,18,Male,183401,Rural,5,0
106,2309.44,1.99,Fashion,75,Female,65901,Suburban,0,0
107,2042.73,1.91,Restaurant,52,Female,84673,Rural,4,0
108,2167.58,2.01,Fuel,29,Male,73919,Urban,1,0
109,3410.86,6.11,Electronics,56,Female,165632,Suburban,4,1
110,4838.07,11.42,Electronics,22,Female,87620,Suburban,2,1
111,2612.93,8.83,Grocery,76,Male,102760,Rural,4,0
112,4962.98,3.16,Fuel,75,Female,117998,Suburban,5,1
113,3506.15,3.92,Restaurant,60,Male,129117,Urban,4,1
114,4439.16,15.52,Electronics,35,Female,190222,Rural,5,1
115,1577.37,5.47,Electronics,45,Female,183234,Suburban,5,0
116,2145.04,3.77,Grocery,27,Female,58878,Urban,3,1
117,1916.46,23.75,Travel,23,Female,183613,Rural,3,0
118,2220.45,16.74,Online,61,Female,170616,Suburban,2,0
119,736.1,9.91,Electronics,30,Female,129851,Urban,1,0
120,3832.44,18.48,Fuel,31,Female,194513,Rural,0,0
121,1187.68,3.94,Travel,80,Male,55759,Suburban,3,1
122,4713.44,14.36,Grocery,26,Male,192803,Rural,4,1
123,195.48,18.88,Restaurant,18,Female,190720,Urban,5,0
124,4500.44,11.84,Online,72,Female,116050,Urban,5,1
125,2988.73,6.8,Fashion,78,Female,42749,Urban,1,0
126,4042.61,19.05,Grocery,48,Male,29017,Rural,5,1
127,1413.65,22.31,Online,29,Female,102155,Rural,0,0
128,1976.8,7.43,Online,64,Female,84252,Urban,4,0
129,1865.25,16.51,Online,23,Male,65956,Rural,2,0
130,1297.38,22.84,Restaurant,18,Female,144060,Urban,4,0
131,2313.2,9.93,Electronics,69,Female,185209,Suburban,3,1
132,918.26,16.43,Travel,19,Male,146248,Suburban,1,0
133,4330.0,21.69,Grocery,44,Female,72086,Suburban,4,1
134,4939.17,1.24,Healthcare,61,Male,46407,Urban,3,1
135,2460.95,0.39,Online,51,Female,70349,Rural,5,0
136,752.17,1.47,Healthcare,19,Female,69896,Rural,4,0
137,1571.61,22.06,Grocery,35,Male,69468,Rural,4,0
138,4941.42,4.47,Fuel,76,Male,78949,Suburban,4,1
139,697.45,2.28,Healthcare,42,Female,69804,Suburban,2,0
140,165.65,12.67,Online,57,Female,80943,Rural,3,0
141,3205.2,13.9,Fashion,32,Female,88933,Urban,1,0
142,3000.99,18.48,Healthcare,24,Female,90845,Suburban,5,1
143,3321.22,20.76,Fuel,77,Male,92491,Rural,2,1
144,4075.53,10.83,Fashion,37,Female,91475,Rural,0,0
145,4776.96,11.47,Online,59,Male,100836,Urban,2,1
146,2887.96,15.11,Fashion,62,Female,30930,Rural,5,0
147,1196.68,17.94,Travel,53,Female,198847,Urban,0,0
148,1990.47,22.46,Grocery,36,Female,61653,Rural,3,0
149,142.29,16.34,Grocery,45,Male,33316,Suburban,3,0
150,3186.64,17.58,Fuel,43,Female,87832,Rural,2,1
151,4156.59,6.35,Electronics,67,Male,56242,Urban,2,1
152,324.3,2.6,Online,56,Female,112484,Suburban,4,0
153,1629.58,12.7,Online,19,Female,49874,Rural,0,0
154,4289.26,23.16,Restaurant,27,Male,183616,Suburban,0,0
155,3627.5,17.06,Restaurant,47,Male,118692,Rural,0,0
156,327.06,8.45,Restaurant,58,Male,132657,Rural,2,0
157,317.81,1.29,Grocery,31,Female,135638,Rural,5,0
158,3661.64,21.98,Fashion,51,Female,164079,Rural,4,1
159,805.09,2.12,Fashion,49,Female,167092,Rural,4,0
160,2702.21,14.84,Grocery,38,Female,69288,Urban,5,1
161,1531.35,9.2,Fuel,78,Female,42339,Suburban,1,0
162,2199.58,7.98,Online,76,Male,126098,Urban,0,0
163,4723.26,9.69,Online,38,Male,92025,Rural,4,1
164,3652.38,7.56,Fuel,76,Female,161939,Rural,5,1
165,809.21,23.08,Fuel,69,Male,79053,Urban,5,0
166,1126.77,11.93,Travel,63,Female,157291,Urban,5,0
167,4751.96,11.7,Healthcare,61,Male,24796,Urban,3,1
168,2520.9,12.72,Electronics,58,Female,94897,Rural,1,0
169,3693.87,13.05,Travel,72,Female,159913,Suburban,1,0
170,4102.48,13.57,Fashion,27,Female,162718,Suburban,5,1
171,1766.95,9.93,Travel,69,Male,54835,Urban,4,0
172,2362.42,21.47,Grocery,58,Male,44023,Urban,5,0
173,458.25,2.93,Healthcare,76,Female,37914,Urban,4,0
174,1738.1,8.25,Restaurant,63,Male,195197,Urban,5,0
175,1487.88,3.12,Electronics,45,Female,132319,Rural,5,0
176,4107.79,9.45,Healthcare,74,Female,59381,Rural,4,1
177,3434.71,21.32,Restaurant,19,Male,27495,Rural,1,1
178,2564.51,5.41,Fashion,46,Male,94794,Suburban,0,0
179,2578.61,1.69,Fashion,70,Male,171003,Rural,5,0
180,1132.06,6.72,Electronics,48,Male,111765,Rural,3,1
181,197.07,23.85,Fashion,45,Male,141424,Suburban,0,0
182,3224.94,20.41,Grocery,52,Female,167404,Rural,4,1
183,1915.59,6.48,Fuel,23,Male,181634,Urban,1,0
184,4280.2,23.91,Fuel,41,Female,160440,Suburban,3,1
185,2307.82,10.67,Grocery,55,Female,198009,Rural,1,0
186,4455.97,21.09,Fashion,34,Female,109201,Urban,4,1
187,3213.83,17.11,Fashion,78,Male,55406,Urban,1,1
188,2050.52,1.75,Healthcare,68,Female,109833,Suburban,5,0
189,711.17,4.78,Fashion,77,Female,102858,Urban,3,0
190,3267.34,21.94,Grocery,48,Female,20401,Suburban,0,0
191,4783.23,23.88,Travel,33,Female,94116,Urban,2,1
192,4742.14,20.82,Fuel,76,Male,105354,Rural,5,1
193,4627.04,5.96,Healthcare,71,Female,107523,Suburban,0,0
194,2410.13,21.15,Electronics,37,Female,29177,Rural,0,0
195,90.98,7.31,Electronics,21,Female,167106,Urban,4,0
196,3788.55,12.38,Travel,31,Female,86259,Rural,1,0
197,4049.1,6.41,Online,30,Male,25087,Urban,4,1
198,3579.52,22.44,Restaurant,62,Female,152401,Rural,4,1
199,2888.52,6.93,Grocery,21,Female,26731,Suburban,5,0
200,3380.64,6.57,Restaurant,21,Female,76412,Rural,2,1
201,1040.74,17.04,Healthcare,53,Female,136023,Rural,0,1
202,4202.43,8.71,Fuel,28,Female,144431,Rural,1,0
203,4202.86,12.25,Travel,73,Male,78523,Urban,1,0
204,4360.69,5.63,Online,56,Male,73820,Urban,5,1
205,2927.27,6.92,Electronics,49,Male,40277,Rural,3,1
206,627.93,16.44,Online,21,Male,51624,Suburban,4,0
207,2458.49,16.66,Healthcare,56,Male,148229,Suburban,4,0
208,2726.19,5.57,Fashion,75,Female,22141,Urban,5,0
209,2829.82,4.83,Fashion,79,Female,27774,Urban,2,0
210,4098.12,4.58,Healthcare,22,Female,35817,Rural,3,1
211,2358.24,13.05,Online,48,Female,154917,Rural,1,0
212,1891.53,1.93,Healthcare,66,Female,154022,Urban,3,0
213,2479.44,11.93,Restaurant,57,Female,190561,Urban,5,0
214,986.3,17.68,Electronics,48,Female,129854,Rural,5,1
215,864.16,0.34,Fashion,32,Female,165573,Urban,5,1
216,594.31,17.64,Healthcare,39,Female,155118,Suburban,4,0
217,378.38,10.94,Grocery,33,Male,185643,Urban,2,0
218,4686.84,10.55,Travel,51,Male,94055,Urban,4,1
219,4866.31,18.24,Electronics,48,Male,157944,Urban,3,1
220,4405.66,5.96,Travel,75,Male,97683,Rural,4,1
221,3308.15,2.24,Travel,44,Female,114786,Urban,3,1
222,386.69,9.63,Electronics,38,Female,141803,Urban,4,0
223,4255.59,13.41,Restaurant,46,Male,81580,Rural,3,1
224,3138.29,5.9,Restaurant,36,Female,107314,Suburban,1,0
225,1263.6,5.73,Restaurant,64,Female,160835,Suburban,0,0
226,2514.21,19.08,Fuel,63,Female,30908,Suburban,3,0
227,580.24,1.7,Online,35,Male,67079,Rural,3,0
228,3872.83,4.2,Travel,38,Female,21931,Suburban,5,1
229,2692.88,2.38,Grocery,50,Male,186890,Suburban,5,0
230,1740.3,16.93,Fuel,45,Female,64725,Urban,5,0
231,2820.46,19.72,Online,24,Female,86945,Suburban,3,0
232,1741.92,17.7,Fashion,59,Female,74474,Rural,2,0
233,2284.36,7.9,Grocery,72,Male,58030,Urban,5,0
234,3143.88,6.08,Fashion,56,Male,107080,Urban,4,1
235,3887.95,16.84,Fashion,38,Female,21714,Rural,2,1
236,1469.51,10.64,Restaurant,31,Male,61079,Urban,3,0
237,1920.73,20.49,Restaurant,55,Female,188237,Urban,4,0
238,3884.21,8.87,Healthcare,35,Male,149827,Urban,2,1
239,2041.21,0.53,Electronics,42,Male,165683,Urban,0,0
240,1976.16,16.89,Fashion,38,Male,193055,Suburban,3,0
241,4857.88,19.56,Restaurant,36,Male,115743,Rural,5,1
242,2242.7,5.63,Grocery,46,Female,103582,Urban,2,0
243,2865.26,22.04,Online,30,Female,95242,Suburban,5,0
244,1234.68,14.09,Fashion,76,Female,30239,Suburban,1,0
245,1500.15,6.46,Healthcare,77,Male,103097,Suburban,5,0
246,1155.45,15.27,Fashion,70,Male,160441,Rural,2,0
247,3322.4,22.18,Restaurant,66,Female,72549,Suburban,5,1
248,2924.07,16.38,Fuel,48,Female,179057,Urban,4,1
249,2648.14,1.25,Grocery,53,Female,34407,Suburban,3,0
250,2714.42,15.8,Healthcare,19,Male,65030,Urban,0,0
251,420.48,17.63,Restaurant,33,Male,136529,Rural,5,0
252,3998.99,20.44,Grocery,22,Female,184294,Suburban,3,1
253,1282.76,20.76,Online,48,Male,192867,Rural,3,0
254,4951.64,3.3,Fashion,68,Female,117019,Rural,5,1
255,1981.45,17.07,Restaurant,47,Male,129497,Suburban,3,0
256,2439.81,20.88,Travel,50,Female,99487,Rural,4,1
257,4310.37,19.52,Restaurant,52,Male,186092,Suburban,5,1
258,4837.68,19.1,Electronics,61,Female,152176,Suburban,4,1
259,1926.73,19.88,Fuel,79,Female,36019,Urban,1,0
260,3250.91,16.64,Travel,60,Female,74719,Rural,3,1
261,3985.06,22.66,Restaurant,26,Female,198299,Urban,2,1
262,2649.89,7.22,Electronics,41,Female,184950,Urban,3,0
263,1318.18,5.8,Travel,70,Male,169522,Suburban,3,0
264,364.6,17.01,Restaurant,49,Female,186795,Urban,3,1
265,3569.61,9.21,Electronics,41,Female,109205,Suburban,3,1
266,4691.56,7.49,Electronics,57,Male,20727,Rural,5,1
267,405.99,10.68,Fashion,78,Female,25128,Urban,4,0
268,2548.12,1.36,Fashion,30,Female,175315,Urban,3,0
269,1118.68,18.29,Online,57,Male,89390,Rural,0,0
270,2810.93,8.41,Fashion,37,Male,186351,Urban,3,0
271,3053.17,5.84,Healthcare,65,Male,158989,Suburban,1,0
272,3296.22,19.39,Restaurant,31,Female,94338,Urban,0,0
273,3083.16,10.36,Travel,61,Female,134523,Suburban,0,0
274,3939.11,22.08,Travel,38,Male,60604,Urban,4,1
275,144.13,1.56,Restaurant,20,Male,104196,Rural,4,1
276,2945.83,22.15,Electronics,46,Female,198985,Rural,4,0
277,2981.61,15.91,Healthcare,80,Female,85245,Suburban,2,0
278,1790.24,5.25,Online,55,Male,22752,Urban,0,0
279,2402.65,14.13,Electronics,46,Female,45890,Urban,5,1
280,3015.06,12.57,Fuel,54,Female,22625,Rural,0,0
281,3719.38,6.09,Travel,49,Female,66977,Rural,3,1
282,3819.53,19.88,Restaurant,60,Female,35031,Urban,5,1
283,4464.07,15.76,Electronics,47,Male,106210,Rural,0,0
284,4369.34,23.7,Travel,78,Male,92942,Suburban,1,0
285,4988.08,15.41,Fuel,38,Female,61902,Suburban,2,1
286,2723.0,18.74,Travel,54,Female,160439,Suburban,4,0
287,4233.28,7.68,Electronics,75,Male,100599,Urban,0,1
288,4520.78,9.81,Grocery,45,Female,42852,Urban,0,0
289,1790.8,5.69,Fashion,68,Female,181937,Rural,5,0
290,3408.77,18.87,Fuel,78,Female,199569,Suburban,4,1
291,3043.2,15.78,Healthcare,69,Male,27636,Suburban,3,1
292,94.06,3.14,Grocery,68,Male,87626,Suburban,4,0
293,4727.96,5.22,Online,27,Male,171696,Urban,1,0
294,1197.75,22.56,Travel,72,Male,45683,Suburban,1,0
295,3388.19,6.37,Fuel,51,Male,144033,Rural,3,1
296,2161.08,5.53,Restaurant,48,Female,120831,Urban,0,0
297,2697.71,7.7,Fuel,75,Female,37817,Urban,0,1
298,2411.44,2.74,Fashion,71,Male,28358,Urban,5,1
299,3211.94,11.73,Fashion,52,Female,128713,Suburban,4,1
300,2426.51,20.55,Fuel,69,Male,96855,Urban,0,0
301,1512.7,23.76,Fashion,78,Female,113546,Urban,5,0
302,573.8,15.71,Fuel,31,Female,143731,Suburban,3,0
303,3267.75,8.76,Healthcare,25,Female,51542,Rural,5,1
304,2992.7,10.77,Healthcare,38,Female,96930,Suburban,1,0
305,1431.8,7.05,Fuel,42,Female,93996,Rural,1,0
306,378.29,3.82,Electronics,19,Male,43657,Suburban,1,0
307,4407.4,2.29,Online,33,Male,30447,Urban,4,1
308,1283.68,13.1,Healthcare,56,Female,37668,Rural,1,1
309,2544.72,9.67,Healthcare,49,Male,147109,Urban,0,0
310,2088.83,21.23,Fashion,26,Male,133914,Rural,1,0
311,3993.58,16.0,Fuel,41,Male,157868,Suburban,3,1
312,583.19,0.24,Travel,78,Female,138373,Suburban,2,0
313,1714.72,9.32,Electronics,79,Female,24350,Urban,5,0
314,908.91,1.99,Healthcare,40,Male,108886,Rural,4,1
315,635.37,19.33,Online,29,Male,115220,Suburban,5,0
316,177.32,1.0,Travel,33,Male,65122,Rural,5,1
317,1121.33,21.65,Travel,39,Male,166824,Urban,3,0
318,3911.75,6.93,Travel,69,Female,94175,Urban,3,1
319,3352.81,5.73,Fuel,19,Male,180811,Suburban,4,1
320,1058.08,20.92,Electronics,30,Male,157975,Rural,5,0
321,3291.7,18.95,Fashion,46,Male,37333,Suburban,3,1
322,1354.29,19.96,Travel,52,Male,86630,Suburban,1,1
323,1928.13,14.03,Fuel,35,Male,45342,Rural,0,1
324,1106.79,1.14,Grocery,47,Female,99435,Rural,4,0
325,2319.35,5.68,Fashion,55,Female,170189,Urban,4,1
326,4633.85,21.66,Fashion,61,Male,134655,Urban,5,1
327,151.29,0.95,Online,38,Female,97842,Suburban,2,0
328,692.31,18.91,Online,67,Female,182135,Suburban,0,1
329,724.48,14.35,Fuel,45,Female,139376,Urban,2,1
330,861.22,17.54,Online,41,Male,94479,Suburban,1,0
331,2326.01,2.19,Healthcare,61,Female,184567,Rural,5,0
332,1942.66,22.51,Electronics,50,Female,103484,Rural,5,0
333,4239.8,4.43,Travel,73,Female,93833,Rural,4,1
334,4287.15,18.96,Electronics,55,Female,43820,Urban,2,1
335,1496.15,2.99,Travel,79,Female,21689,Rural,5,0
336,2063.41,9.69,Restaurant,39,Male,151740,Suburban,0,1
337,765.14,14.51,Travel,26,Female,172942,Urban,3,0
338,453.19,1.33,Grocery,47,Female,69516,Suburban,3,0
339,772.38,10.18,Electronics,60,Male,35311,Urban,1,1
340,2284.86,15.04,Travel,71,Female,126976,Rural,0,0
341,2092.17,19.54,Grocery,35,Male,27158,Urban,0,0
342,1070.96,18.95,Fuel,65,Female,135637,Suburban,3,0
343,1399.44,1.25,Fashion,31,Male,130548,Urban,1,0
344,3065.91,17.87,Healthcare,53,Female,128178,Suburban,0,0
345,2856.44,21.61,Fashion,57,Female,145634,Rural,5,0
346,1911.75,15.23,Restaurant,57,Male,131487,Urban,4,0
347,4805.04,16.85,Grocery,74,Male,37062,Suburban,1,0
348,1647.63,15.85,Fashion,27,Female,115546,Suburban,4,1
349,1523.56,20.63,Fuel,58,Male,71996,Urban,4,0
350,3598.27,18.37,Fuel,67,Female,82501,Suburban,1,0
351,476.22,18.07,Healthcare,25,Male,39621,Urban,2,0
352,1522.46,13.6,Fashion,21,Male,180894,Urban,1,0
353,1215.25,14.47,Fuel,21,Female,27653,Suburban,2,0
354,1704.68,23.83,Fashion,42,Female,69188,Urban,5,0
355,3672.46,16.65,Electronics,68,Male,111832,Rural,5,1
356,210.22,15.87,Fashion,76,Female,87809,Urban,1,0
357,363.76,22.86,Online,77,Male,37989,Urban,1,1
358,2136.15,5.88,Healthcare,43,Female,24183,Rural,5,0
359,2213.63,12.69,Travel,46,Male,116278,Rural,1,1
360,3231.38,14.94,Restaurant,27,Male,70151,Suburban,4,1
361,2237.16,2.38,Fashion,22,Female,25428,Urban,3,0
362,205.13,7.92,Online,38,Male,174667,Suburban,2,0
363,4807.46,18.92,Grocery,66,Female,73676,Rural,1,0
364,2457.9,15.37,Online,70,Male,119643,Suburban,2,1
365,3875.72,1.74,Healthcare,78,Female,150342,Rural,3,1
366,1342.22,16.79,Restaurant,62,Female,115960,Suburban,2,0
367,554.53,17.43,Fuel,79,Female,79151,Rural,2,1
368,420.01,20.28,Fashion,19,Female,182849,Rural,0,0
369,1080.68,13.79,Electronics,47,Male,159586,Urban,2,0
370,4018.1,12.45,Fuel,28,Female,110273,Suburban,5,1
371,963.1,8.16,Online,35,Male,20413,Suburban,1,0
372,3716.57,12.08,Fuel,67,Female,132247,Rural,3,1
373,1412.38,15.88,Healthcare,77,Male,54387,Suburban,4,1
374,3286.6,18.71,Grocery,33,Male,192281,Suburban,4,1
375,416.19,3.21,Healthcare,52,Male,164213,Urban,2,0
376,4136.78,9.19,Online,75,Female,135306,Urban,2,1
377,56.8,8.29,Electronics,59,Male,123678,Rural,2,0
378,2539.3,3.01,Healthcare,23,Male,98953,Suburban,4,1
379,4708.1,6.34,Travel,42,Female,71968,Urban,3,1
380,4336.42,17.73,Fuel,49,Male,118908,Urban,0,1
381,1509.6,15.01,Online,78,Female,104083,Urban,4,0
382,4844.62,0.98,Fashion,37,Male,109325,Urban,3,1
383,2453.63,16.24,Fashion,40,Female,109729,Rural,1,0
384,3911.69,21.7,Electronics,30,Male,60101,Rural,1,0
385,2132.2,11.55,Fashion,28,Male,22990,Urban,0,0
386,2719.52,9.39,Restaurant,53,Female,47814,Rural,4,1
387,2297.38,1.52,Fashion,31,Male,95822,Rural,1,1
388,4756.91,17.27,Grocery,73,Female,142570,Suburban,4,1
389,3580.56,4.16,Restaurant,54,Male,171389,Rural,4,1
390,156.52,22.19,Restaurant,55,Male,177290,Suburban,4,0
391,2549.75,9.42,Fuel,30,Female,159033,Rural,5,0
392,966.08,19.15,Grocery,30,Female,112171,Rural,3,0
393,1661.9,8.32,Online,21,Male,27331,Urban,2,0
394,1667.75,5.84,Grocery,45,Male,108162,Rural,2,0
395,1253.49,15.21,Healthcare,67,Female,168259,Rural,4,0
396,3892.66,8.3,Restaurant,48,Male,30996,Suburban,4,1
397,2702.54,16.23,Electronics,18,Female,65608,Suburban,5,1
398,4099.09,21.3,Electronics,51,Male,183622,Suburban,0,0
399,1669.42,2.71,Restaurant,73,Female,102258,Urban,2,0
400,2839.39,19.06,Electronics,23,Male,101654,Rural,2,0
401,1471.13,4.22,Healthcare,57,Male,74709,Urban,1,0
402,4701.5,18.27,Fashion,44,Female,52939,Suburban,1,0
403,1757.41,18.89,Electronics,56,Female,23304,Suburban,3,0
404,3006.2,6.15,Healthcare,78,Female,159739,Urban,4,1
405,3049.87,6.64,Online,26,Male,51433,Suburban,4,1
406,1389.06,9.4,Fuel,71,Male,92408,Rural,5,0
407,2581.63,5.94,Healthcare,50,Male,50968,Urban,3,0
408,154.0,5.26,Electronics,53,Male,101195,Suburban,2,0
409,4189.56,21.59,Restaurant,38,Male,181647,Rural,1,0
410,2742.56,7.88,Travel,41,Male,71096,Urban,3,1
411,3382.34,1.33,Online,49,Female,61698,Suburban,5,1
412,991.34,20.51,Fuel,45,Male,171016,Suburban,3,1
413,2950.31,23.34,Fashion,45,Female,188987,Suburban,4,1
414,3882.42,12.16,Grocery,56,Female,198813,Suburban,4,1
415,4462.37,7.68,Online,55,Male,148296,Suburban,4,1
416,4940.29,14.65,Grocery,50,Female,77304,Urban,4,1
417,1551.84,4.39,Grocery,47,Female,45358,Rural,5,0
418,1126.11,17.6,Electronics,34,Male,155486,Urban,1,1
419,1565.34,14.81,Grocery,49,Male,62470,Urban,3,0
420,4751.78,13.43,Grocery,44,Female,21678,Urban,0,0
421,4331.21,9.41,Electronics,55,Male,192213,Suburban,1,0
422,2833.92,23.35,Restaurant,27,Male,196602,Rural,2,0
423,2886.0,5.64,Electronics,54,Male,199258,Suburban,5,0
424,4238.53,10.2,Healthcare,75,Female,83565,Suburban,4,1
425,2851.79,13.33,Travel,27,Male,138231,Rural,2,0
426,2516.37,8.36,Grocery,49,Male,113165,Suburban,0,0
427,889.86,5.47,Travel,37,Male,92059,Rural,1,0
428,569.4,1.85,Grocery,52,Male,117835,Rural,4,0
429,2033.83,14.69,Restaurant,78,Male,108893,Urban,4,0
430,4049.77,17.7,Travel,58,Male,59195,Rural,3,1
431,2080.57,16.86,Online,65,Male,48552,Suburban,0,0
432,3897.7,18.28,Restaurant,19,Female,47509,Suburban,5,1
433,1910.79,19.75,Online,37,Female,48008,Urban,1,0
434,2649.93,9.33,Healthcare,37,Male,41202,Rural,0,0
435,1135.64,10.66,Healthcare,45,Male,188464,Rural,4,1
436,3464.59,13.63,Electronics,80,Female,57340,Urban,3,1
437,4536.46,17.68,Travel,70,Female,131961,Suburban,5,1
438,3392.69,0.73,Electronics,27,Female,119911,Rural,1,1
439,2174.46,4.45,Fashion,51,Male,57491,Rural,1,0
440,4363.31,13.18,Healthcare,20,Female,155785,Suburban,3,1
441,206.38,5.04,Travel,38,Female,51293,Rural,1,0
442,3096.36,23.86,Restaurant,43,Male,29801,Suburban,5,1
443,1036.02,15.94,Travel,70,Female,90421,Urban,3,0
444,2151.44,5.05,Fashion,26,Female,67445,Rural,0,0
445,607.46,22.76,Restaurant,23,Female,69389,Suburban,4,0
446,4429.77,11.03,Online,57,Male,137775,Suburban,2,1
447,3253.5,0.99,Online,61,Female,163827,Urban,1,0
448,4523.05,5.81,Fuel,39,Male,139745,Suburban,1,0
449,1835.54,8.76,Healthcare,38,Male,192001,Rural,2,0
450,3390.31,16.71,Online,74,Male,61203,Urban,4,1
451,2310.83,23.53,Fashion,28,Female,91924,Rural,0,0
452,4078.79,19.34,Fashion,27,Female,196509,Suburban,2,1
453,4207.27,20.45,Healthcare,24,Female,25302,Suburban,5,1
454,4631.81,1.5,Electronics,39,Female,131136,Suburban,0,0
455,3211.29,4.71,Travel,65,Male,128457,Rural,5,1
456,3397.82,8.78,Online,33,Female,189393,Urban,0,1
457,4012.15,20.5,Fuel,19,Male,99984,Suburban,3,1
458,4350.56,13.09,Restaurant,60,Male,166034,Suburban,4,1
459,516.72,6.53,Electronics,58,Male,30690,Rural,0,1
460,2315.01,14.63,Restaurant,60,Female,124877,Rural,4,0
461,90.38,6.87,Fuel,67,Female,93841,Suburban,1,0
462,3566.63,19.67,Grocery,40,Male,24690,Urban,0,0
463,3856.4,19.81,Travel,56,Female,28033,Urban,4,1
464,1704.37,13.62,Healthcare,47,Female,47594,Urban,2,0
465,722.58,14.78,Restaurant,55,Female,85534,Rural,0,0
466,2662.29,17.12,Grocery,68,Female,184706,Suburban,3,0
467,2149.78,14.34,Online,53,Female,106997,Rural,0,1
468,4102.25,15.01,Online,77,Male,176689,Urban,3,1
469,1360.06,4.93,Fuel,47,Male,187902,Rural,0,0
470,2995.3,7.74,Healthcare,47,Female,96367,Rural,1,0
471,4962.46,6.98,Restaurant,62,Female,61302,Rural,0,0
472,1186.77,14.56,Online,58,Female,88100,Suburban,0,0
473,2674.7,5.39,Fashion,80,Female,103618,Urban,1,1
474,2009.07,20.22,Online,49,Male,43366,Suburban,2,0
475,4345.37,22.36,Fashion,61,Female,183936,Urban,5,1
476,3789.97,17.89,Grocery,18,Female,128212,Suburban,3,1
477,2303.67,19.91,Healthcare,27,Male,116030,Suburban,4,0
478,2364.38,13.17,Fuel,80,Female,141777,Suburban,0,1
479,1321.99,21.46,Grocery,29,Male,178661,Rural,5,1
480,3654.73,3.78,Restaurant,55,Male,75049,Urban,4,1
481,2409.81,3.74,Travel,20,Female,144597,Rural,2,0
482,3797.37,13.39,Travel,75,Male,73926,Rural,1,1
483,3815.01,16.08,Online,76,Female,166681,Suburban,5,1
484,4586.3,9.05,Grocery,25,Female,188986,Urban,3,1
485,1448.49,12.43,Restaurant,29,Male,134622,Rural,2,0
486,2206.86,17.83,Fuel,31,Female,55549,Urban,2,1
487,4817.11,6.63,Fuel,63,Male,76527,Urban,2,1
488,1633.47,9.42,Online,46,Female,28313,Urban,3,0
489,2107.69,7.57,Travel,24,Male,45237,Suburban,0,0
490,1890.77,7.98,Fashion,36,Male,120939,Suburban,0,0
491,3893.27,14.98,Fuel,18,Male,169206,Rural,1,0
492,142.28,20.58,Restaurant,26,Female,165101,Urban,2,0
493,1518.44,11.29,Grocery,75,Male,174304,Suburban,5,0
494,2481.4,12.72,Fuel,45,Male,86526,Urban,4,0
495,4581.78,3.04,Healthcare,20,Male,83117,Suburban,1,0
496,2433.56,18.45,Grocery,78,Male,128543,Urban,1,0
497,4774.77,22.71,Grocery,24,Female,117606,Suburban,0,0
498,3313.31,14.6,Electronics,50,Male,129703,Urban,5,1
499,1218.95,10.58,Electronics,18,Female,178279,Rural,1,0
500,3853.0,15.13,Fashion,21,Male,80436,Suburban,0,0
501,948.63,23.74,Travel,39,Male,99882,Rural,0,0
502,3639.57,2.92,Online,61,Male,37339,Urban,0,0
503,2400.59,10.28,Online,54,Male,119589,Rural,3,0
504,4201.06,1.18,Fuel,28,Female,96922,Rural,0,0
505,4455.97,7.04,Restaurant,32,Female,95470,Suburban,0,0
506,3713.66,17.24,Travel,63,Male,97051,Suburban,0,0
507,1339.5,1.1,Healthcare,75,Female,77100,Suburban,2,0
508,774.99,8.97,Fuel,71,Male,149407,Rural,5,0
509,2930.34,15.3,Electronics,29,Male,107995,Suburban,0,0
510,2247.63,11.87,Restaurant,61,Female,186637,Urban,0,1
511,1632.57,6.46,Travel,46,Female,38474,Rural,4,0
512,1020.59,18.26,Fashion,80,Female,102134,Urban,1,1
513,4998.11,5.53,Grocery,60,Male,24437,Urban,4,1
514,1085.92,5.83,Travel,52,Male,168274,Urban,2,0
515,1181.77,11.13,Online,73,Male,51942,Urban,1,1
516,2787.97,23.12,Grocery,48,Female,38459,Suburban,5,0
517,4334.7,12.09,Online,38,Female,133076,Suburban,0,0
518,4389.29,10.76,Travel,46,Female,127719,Urban,0,0
519,3141.3,10.79,Grocery,42,Male,62603,Rural,2,1
520,3298.75,7.01,Travel,74,Male,29177,Urban,1,0
521,2458.57,19.41,Fuel,21,Male,43620,Suburban,0,0
522,130.44,6.7,Electronics,62,Male,109028,Urban,2,0
523,3023.96,8.21,Travel,66,Male,84006,Suburban,2,1
524,475.19,9.1,Fashion,24,Female,51561,Urban,5,0
525,275.53,4.96,Grocery,24,Male,188702,Urban,5,0
526,1287.04,7.79,Online,77,Female,146457,Urban,1,0
527,1499.41,23.28,Fuel,46,Female,103186,Rural,3,0
528,3693.84,4.72,Electronics,54,Male,97738,Urban,1,1
529,2003.77,16.58,Fuel,66,Male,147482,Urban,2,0
530,2224.38,7.47,Healthcare,72,Female,174037,Suburban,2,0
531,1497.32,5.22,Electronics,55,Female,82586,Rural,5,0
532,2533.52,21.54,Healthcare,56,Male,192247,Urban,1,0
533,1185.97,6.98,Electronics,36,Male,40040,Rural,1,0
534,4689.02,1.71,Travel,44,Male,199790,Rural,0,0
535,1806.04,22.97,Fuel,36,Male,189578,Suburban,2,0
536,2720.71,14.77,Travel,28,Male,38689,Suburban,0,0
537,4105.89,7.07,Online,59,Female,114712,Rural,5,1
538,4008.34,16.99,Online,39,Male,58586,Rural,4,1
539,462.77,17.2,Travel,19,Female,185530,Suburban,3,0
540,3528.62,21.71,Electronics,80,Male,141242,Suburban,3,1
541,1216.86,23.81,Fashion,43,Female,117104,Suburban,5,0
542,2290.73,18.87,Travel,42,Male,110337,Suburban,2,0
543,1489.98,0.58,Fuel,58,Female,176245,Suburban,2,0
544,3694.73,14.93,Online,24,Female,72368,Rural,5,1
545,2026.83,22.54,Fuel,66,Female,136977,Suburban,0,0
546,178.23,3.47,Electronics,74,Female,36599,Rural,2,0
547,857.96,11.03,Fuel,51,Female,37259,Rural,2,0
548,3127.02,6.62,Fashion,69,Female,132825,Suburban,1,0
549,4797.93,8.9,Fuel,65,Female,178950,Urban,5,1
550,929.81,15.43,Fashion,57,Female,21597,Rural,1,0
551,4804.87,18.31,Electronics,20,Male,33540,Suburban,2,1
552,2325.85,4.5,Grocery,75,Female,33484,Urban,1,0
553,622.91,16.56,Online,35,Female,164573,Rural,1,0
554,4125.31,3.72,Restaurant,62,Female,115114,Suburban,0,0
555,2238.7,5.43,Grocery,80,Female,184777,Suburban,1,0
556,1118.56,23.13,Healthcare,22,Female,176689,Urban,1,1
557,2013.58,7.48,Online,31,Male,32502,Rural,2,0
558,1521.44,9.65,Travel,57,Male,81311,Suburban,0,1
559,2858.65,20.87,Fuel,59,Male,148025,Suburban,5,0
560,1136.89,23.81,Fashion,67,Female,96558,Urban,4,0
561,439.85,1.48,Grocery,72,Male,81323,Rural,4,0
562,1016.71,5.33,Electronics,33,Male,42214,Rural,2,0
563,4882.33,15.33,Travel,26,Female,31985,Urban,0,0
564,4029.77,16.52,Healthcare,60,Female,103688,Urban,5,1
565,2895.56,16.53,Grocery,34,Male,25568,Urban,2,0
566,1149.17,23.93,Electronics,23,Male,85741,Suburban,2,0
567,1337.14,16.88,Restaurant,65,Female,109442,Suburban,1,0
568,1151.9,11.8,Online,57,Female,131803,Suburban,5,0
569,3153.65,13.17,Online,28,Male,176432,Rural,5,1
570,2975.43,11.31,Grocery,76,Male,180692,Suburban,4,0
571,3524.63,19.29,Restaurant,22,Male,100746,Suburban,3,1
572,3684.39,2.24,Grocery,69,Female,38316,Rural,3,1
573,3602.84,4.71,Electronics,64,Male,152400,Rural,3,1
574,2994.77,10.47,Fashion,70,Male,163247,Urban,4,1
575,4256.3,10.63,Restaurant,54,Female,196061,Urban,0,0
576,1064.53,18.3,Fashion,28,Female,119593,Rural,3,0
577,2719.8,14.88,Fashion,60,Male,130921,Urban,2,0
578,3284.82,16.15,Travel,59,Male,76382,Suburban,2,1
579,4366.89,3.98,Fashion,70,Female,22190,Urban,0,0
580,3390.01,5.07,Fashion,22,Female,168116,Suburban,1,1
581,2236.77,20.05,Online,24,Male,188198,Suburban,3,0
582,1476.49,13.61,Healthcare,80,Female,87255,Urban,3,0
583,254.45,0.36,Fashion,61,Female,93743,Rural,2,0
584,4689.19,3.25,Online,37,Female,147887,Suburban,4,1
585,4046.46,21.56,Fuel,48,Male,34152,Urban,4,1
586,269.7,3.42,Electronics,61,Female,89669,Rural,0,1
587,4208.82,19.07,Restaurant,59,Female,36775,Suburban,1,0
588,3053.39,12.78,Grocery,26,Female,30894,Urban,3,1
589,4517.71,13.51,Online,56,Male,115857,Rural,5,1
590,692.67,8.27,Restaurant,68,Female,121414,Urban,3,1
591,1736.24,13.78,Restaurant,58,Female,68137,Suburban,3,1
592,2642.34,11.2,Fuel,74,Male,181672,Urban,3,1
593,2116.67,1.24,Fashion,39,Male,196678,Suburban,0,0
594,2438.79,4.5,Travel,70,Male,195469,Rural,3,0
595,1650.69,2.16,Electronics,26,Male,54078,Suburban,5,1
596,2852.42,6.49,Online,21,Male,58698,Rural,0,0
597,396.12,5.23,Fashion,64,Female,41215,Suburban,0,0
598,419.89,4.33,Online,73,Male,90232,Urban,0,0
599,2161.22,1.89,Grocery,78,Female,30077,Urban,3,0
600,964.68,16.78,Electronics,80,Male,44079,Urban,4,0
601,1962.44,5.19,Healthcare,29,Male,116201,Suburban,5,0
602,2183.19,10.1,Online,21,Male,114259,Suburban,4,0
603,4760.14,18.94,Online,77,Female,83951,Rural,0,0
604,4684.25,14.05,Healthcare,77,Male,79574,Urban,2,1
605,3275.71,4.25,Grocery,73,Female,192162,Suburban,4,1
606,1526.6,1.91,Healthcare,23,Male,183288,Rural,2,0
607,857.97,15.62,Fuel,55,Female,46519,Rural,3,0
608,3116.03,9.6,Fuel,32,Male,71791,Suburban,3,1
609,3308.39,15.36,Fuel,50,Female,162297,Rural,1,0
610,4073.97,6.98,Restaurant,50,Male,195861,Urban,0,0
611,584.16,22.49,Fuel,20,Female,91446,Suburban,4,0
612,1978.14,11.72,Restaurant,55,Female,29704,Urban,4,0
613,1120.91,15.72,Restaurant,30,Male,109683,Suburban,5,0
614,2063.74,13.4,Online,31,Female,179097,Rural,5,0
615,1076.36,16.69,Grocery,46,Female,68311,Suburban,5,1
616,3212.05,23.74,Grocery,64,Female,63707,Urban,4,1
617,2118.18,13.4,Travel,76,Male,141277,Urban,5,1
618,680.52,4.38,Travel,38,Male,85460,Urban,5,0
619,2214.68,11.25,Electronics,50,Female,64534,Urban,3,1
620,2162.25,11.54,Grocery,35,Female,143792,Urban,1,0
621,4268.38,20.58,Travel,58,Female,110269,Suburban,4,1
622,2852.46,19.6,Travel,23,Female,85070,Urban,0,0
623,2350.64,13.39,Online,52,Female,187546,Suburban,2,0
624,970.48,20.69,Restaurant,79,Female,128755,Suburban,3,0
625,1295.94,6.59,Fuel,75,Male,114277,Suburban,3,1
626,1711.16,18.33,Electronics,63,Male,93344,Urban,4,0
627,1965.77,10.15,Online,18,Female,198119,Rural,0,0
628,4995.18,13.44,Grocery,28,Female,64922,Rural,5,1
629,4283.95,16.11,Grocery,21,Female,189831,Rural,5,1
630,4968.85,17.43,Grocery,54,Female,140531,Suburban,4,1
631,3742.68,7.85,Online,39,Female,173042,Suburban,4,1
632,4913.0,3.42,Electronics,30,Male,111577,Urban,0,0
633,2275.81,23.87,Travel,61,Male,73272,Urban,3,0
634,4638.41,9.67,Restaurant,71,Male,135427,Rural,2,1
635,1428.21,19.44,Fuel,42,Female,192628,Rural,1,0
636,450.11,4.31,Travel,43,Female,20079,Urban,1,1
637,1570.0,1.7,Grocery,50,Female,57333,Urban,4,0
638,4868.58,1.94,Healthcare,67,Male,36492,Suburban,3,1
639,3811.7,11.32,Electronics,76,Male,149828,Suburban,1,0
640,4927.3,19.22,Online,80,Female,40496,Urban,0,0
641,1999.24,21.41,Healthcare,25,Male,46193,Rural,0,1
642,3129.6,13.51,Fashion,74,Female,79242,Rural,3,1
643,3049.36,1.74,Fuel,40,Male,86297,Urban,2,1
644,364.72,9.95,Restaurant,65,Female,113666,Rural,1,0
645,3985.17,21.86,Restaurant,24,Male,149505,Urban,1,0
646,4728.91,8.07,Grocery,18,Male,32893,Urban,0,0
647,1937.36,21.41,Fashion,54,Male,85993,Urban,3,0
648,1380.72,23.91,Grocery,25,Male,69636,Suburban,2,0
649,2510.07,17.61,Healthcare,54,Male,71877,Urban,5,0
650,4487.19,7.9,Travel,25,Female,109375,Urban,3,1
651,451.19,12.98,Restaurant,27,Female,64964,Urban,4,1
652,1761.83,19.75,Fuel,27,Male,42184,Suburban,2,1
653,4251.31,19.83,Healthcare,35,Female,42760,Suburban,5,1
654,3067.09,11.8,Fashion,38,Female,68324,Suburban,1,0
655,604.63,11.46,Online,45,Female,47837,Urban,0,0
656,3230.21,12.94,Restaurant,21,Male,159163,Urban,4,1
657,3045.98,7.94,Healthcare,74,Female,188906,Rural,5,1
658,1520.34,20.93,Fuel,49,Male,92916,Rural,1,0
659,3648.48,12.57,Fuel,65,Female,85702,Suburban,3,1
660,4283.99,1.26,Electronics,75,Male,151458,Rural,2,1
661,3386.45,7.9,Fuel,60,Male,33464,Rural,1,0
662,4348.07,12.31,Restaurant,70,Female,195228,Rural,0,0
663,1416.57,16.3,Electronics,67,Male,128603,Urban,0,1
664,3096.29,22.62,Travel,20,Female,53011,Urban,2,1
665,4555.69,2.11,Grocery,49,Male,66805,Suburban,4,1
666,3503.26,4.84,Fashion,35,Female,122884,Urban,1,0
667,1175.92,8.32,Healthcare,50,Female,128996,Urban,0,0
668,3934.26,17.1,Electronics,25,Female,49089,Suburban,2,1
669,198.3,20.43,Grocery,18,Male,120237,Rural,1,1
670,2138.29,14.96,Electronics,43,Female,137685,Rural,5,1
671,3815.71,22.53,Grocery,39,Female,186775,Suburban,1,0
672,2814.71,8.42,Online,44,Female,160381,Suburban,5,0
673,457.51,0.73,Restaurant,68,Female,190230,Urban,4,0
674,1025.42,0.73,Grocery,58,Male,51783,Urban,3,0
675,3755.87,20.62,Healthcare,46,Male,178391,Urban,5,1
676,1154.5,22.18,Restaurant,53,Male,156906,Urban,1,0
677,3746.23,23.58,Grocery,48,Male,194386,Rural,4,1
678,261.79,16.26,Fuel,26,Female,50658,Urban,0,0
679,926.7,21.73,Restaurant,57,Male,179720,Urban,1,0
680,2049.34,13.21,Online,47,Male,82192,Rural,4,0
681,4765.93,21.69,Fuel,49,Female,43194,Suburban,5,1
682,3528.05,5.97,Restaurant,26,Male,97473,Urban,1,1
683,1807.85,6.34,Healthcare,19,Male,160578,Urban,0,0
684,3654.55,18.61,Fuel,52,Female,48691,Suburban,2,1
685,527.31,21.18,Online,19,Male,84577,Rural,5,0
686,1059.41,22.64,Healthcare,44,Female,137466,Suburban,0,0
687,4462.2,15.14,Electronics,32,Female,93387,Urban,1,0
688,4423.41,13.68,Restaurant,44,Female,77453,Suburban,5,1
689,4579.52,7.21,Restaurant,30,Male,70735,Rural,3,1
690,2972.65,7.9,Travel,45,Female,103027,Rural,1,0
691,2046.61,8.62,Fuel,25,Male,146022,Rural,2,0
692,3523.07,0.39,Online,51,Male,166199,Urban,0,0
693,4272.14,4.66,Travel,27,Male,103120,Suburban,5,1
694,2015.22,5.95,Fuel,66,Male,132940,Suburban,5,1
695,2542.04,12.48,Restaurant,79,Male,168997,Rural,1,0
696,2988.03,4.66,Grocery,25,Male,36365,Suburban,2,1
697,1966.66,3.56,Online,19,Female,125560,Rural,3,0
698,2055.97,18.17,Fashion,61,Female,174266,Urban,4,0
699,1552.04,7.29,Healthcare,31,Male,170076,Urban,4,0
700,3712.11,19.23,Fashion,38,Male,162270,Suburban,2,1
701,2902.17,18.24,Fashion,51,Male,54001,Rural,1,0
702,139.68,19.65,Restaurant,35,Male,58955,Urban,2,0
703,976.7,15.84,Grocery,20,Female,107252,Urban,2,0
704,3049.59,9.57,Fuel,66,Female,116218,Rural,5,1
705,3873.12,22.68,Travel,78,Female,95618,Rural,4,1
706,805.43,14.15,Grocery,20,Male,195143,Urban,2,0
707,273.16,0.25,Restaurant,57,Male,92117,Rural,2,0
708,4563.97,2.62,Online,73,Female,143965,Urban,2,1
709,204.07,1.97,Restaurant,75,Female,81867,Rural,5,0
710,887.91,3.97,Grocery,63,Female,29333,Urban,0,1
711,2904.57,13.04,Restaurant,55,Male,105828,Urban,2,0
712,1854.62,5.47,Fuel,69,Male,150669,Rural,4,0
713,3324.35,23.12,Healthcare,54,Male,69750,Suburban,0,0
714,638.93,23.78,Travel,23,Male,174192,Rural,2,0
715,288.57,18.54,Online,65,Female,184299,Suburban,5,0
716,593.66,13.72,Restaurant,74,Female,24710,Suburban,2,0
717,2081.63,9.75,Fashion,28,Female,187840,Suburban,1,0
718,1318.03,10.38,Restaurant,55,Female,114405,Suburban,4,1
719,2332.94,7.28,Electronics,30,Male,87079,Suburban,4,0
720,335.45,21.61,Healthcare,71,Female,180049,Urban,2,0
721,3113.31,11.7,Restaurant,80,Male,123948,Urban,3,1
722,2448.01,6.37,Grocery,50,Male,45046,Urban,2,0
723,166.55,18.9,Fuel,19,Female,45182,Urban,4,0
724,686.42,4.04,Grocery,55,Female,92605,Urban,1,0
725,487.74,9.56,Electronics,73,Female,152997,Urban,0,0
726,4792.77,1.83,Travel,75,Male,89467,Urban,2,1
727,620.18,20.33,Fuel,73,Male,29888,Urban,2,0
728,2834.51,22.48,Electronics,45,Male,185938,Suburban,5,0
729,2438.27,13.0,Restaurant,49,Male,157569,Rural,3,0
730,1257.6,13.09,Fuel,66,Female,108839,Rural,3,0
731,1743.24,10.25,Fuel,59,Male,116411,Rural,3,0
732,1441.41,18.63,Online,75,Male,52954,Suburban,3,0
733,1433.34,10.94,Grocery,33,Male,128738,Suburban,3,0
734,4309.13,10.67,Fuel,38,Male,173868,Suburban,2,1
735,4747.09,20.0,Restaurant,38,Male,86987,Suburban,1,0
736,4467.12,11.56,Restaurant,54,Female,35824,Suburban,5,1
737,1695.98,11.0,Electronics,62,Male,30376,Urban,3,0
738,484.76,15.46,Online,66,Male,154844,Suburban,1,0
739,704.3,5.08,Grocery,43,Male,114808,Rural,0,0
740,2103.91,18.19,Fuel,64,Male,135211,Suburban,0,0
741,108.56,12.13,Online,68,Female,78273,Urban,0,0
742,4322.29,5.55,Electronics,73,Female,105130,Suburban,3,1
743,4579.91,15.18,Fashion,61,Female,21945,Urban,2,1
744,3033.2,12.11,Online,60,Male,31410,Rural,1,0
745,746.12,13.04,Fashion,59,Female,126226,Suburban,5,0
746,3003.78,7.38,Restaurant,63,Male,165681,Rural,3,1
747,1944.67,5.55,Grocery,25,Female,176837,Rural,3,0
748,3485.01,10.07,Fuel,53,Male,87049,Rural,3,1
749,3268.41,12.57,Healthcare,58,Female,69399,Suburban,4,1
750,4721.02,8.55,Grocery,36,Male,85638,Suburban,4,1
751,456.81,0.86,Grocery,37,Female,54228,Rural,5,0
752,3295.46,13.99,Fuel,37,Female,101971,Urban,3,1
753,818.44,21.29,Electronics,36,Male,130198,Urban,2,0
754,2577.67,7.48,Electronics,26,Female,158378,Rural,0,0
755,1948.59,13.52,Grocery,54,Male,53097,Rural,2,0
756,2357.28,4.89,Healthcare,71,Female,64547,Suburban,5,0
757,1497.36,0.89,Fuel,20,Male,90118,Urban,4,0
758,1293.31,13.68,Fashion,41,Male,31437,Suburban,5,0
759,2313.19,18.77,Grocery,40,Male,163280,Rural,4,0
760,841.65,11.14,Healthcare,30,Female,134741,Suburban,0,0
761,3826.21,5.47,Restaurant,26,Male,20081,Urban,4,1
762,138.52,23.32,Restaurant,50,Male,156590,Suburban,3,0
763,653.61,3.04,Fuel,68,Female,37143,Suburban,5,0
764,3281.19,3.87,Travel,36,Female,198067,Urban,1,0
765,2674.97,10.79,Electronics,58,Male,64247,Suburban,5,0
766,4778.47,10.65,Fuel,62,Male,137569,Urban,5,1
767,3271.89,5.79,Grocery,26,Male,198851,Suburban,3,1
768,4886.07,0.12,Grocery,69,Female,175104,Urban,4,1
769,642.39,20.13,Restaurant,55,Male,94439,Suburban,5,1
770,595.1,3.34,Restaurant,26,Female,37728,Suburban,1,0
771,1866.39,12.91,Electronics,59,Male,47614,Suburban,1,0
772,4573.98,5.24,Travel,67,Male,70220,Suburban,4,1
773,3853.08,18.5,Fuel,24,Female,154995,Rural,1,0
774,1526.33,6.41,Healthcare,46,Male,87879,Urban,3,1
775,735.9,13.97,Travel,42,Female,72166,Urban,2,0
776,688.2,0.91,Travel,27,Male,29512,Rural,4,0
777,1978.99,18.39,Restaurant,18,Male,164140,Urban,1,0
778,1601.95,18.08,Fashion,60,Female,35607,Rural,4,0
779,4367.62,11.79,Online,51,Male,24673,Rural,2,1
780,4162.58,12.22,Grocery,54,Male,88380,Rural,5,1
781,3253.64,8.33,Grocery,21,Female,194308,Suburban,0,0
782,3334.41,11.21,Healthcare,25,Female,51401,Rural,0,0
783,2117.63,22.04,Fuel,28,Female,93506,Urban,3,0
784,4447.53,1.29,Electronics,67,Male,118509,Rural,3,1
785,2420.19,9.77,Fuel,27,Female,43757,Urban,4,0
786,3690.88,2.56,Healthcare,47,Female,183008,Urban,3,1
787,4578.56,0.26,Electronics,63,Female,96139,Rural,0,0
788,2109.93,7.81,Grocery,56,Male,198225,Suburban,3,0
789,2331.87,18.11,Healthcare,43,Male,36104,Suburban,2,0
790,1688.33,6.59,Restaurant,30,Female,101716,Suburban,0,0
791,2023.67,10.08,Travel,34,Male,137463,Suburban,4,0
792,2224.38,15.13,Travel,52,Male,89484,Suburban,0,0
793,3060.29,3.06,Travel,75,Male,80322,Suburban,1,1
794,4445.51,3.02,Fuel,41,Female,36436,Suburban,1,0
795,1481.88,10.04,Grocery,54,Male,194791,Rural,4,0
796,693.74,19.12,Fuel,70,Male,51348,Urban,0,0
797,4428.56,10.97,Restaurant,79,Female,62015,Suburban,1,0
798,2103.57,2.12,Fashion,27,Male,85769,Rural,1,1
799,2582.22,19.96,Healthcare,79,Female,194787,Rural,4,0
800,402.15,23.6,Online,50,Male,104697,Urban,0,0
801,186.6,13.6,Travel,59,Female,167405,Rural,5,0
802,4715.88,3.67,Online,64,Male,107390,Rural,5,1
803,4101.38,19.35,Travel,74,Female,71293,Suburban,5,1
804,3120.03,12.22,Healthcare,18,Female,31979,Suburban,0,0
805,1509.69,6.3,Healthcare,64,Female,104082,Suburban,4,0
806,3815.47,8.96,Electronics,28,Male,147651,Urban,4,1
807,777.03,7.9,Restaurant,53,Female,73381,Urban,5,0
808,1896.82,7.61,Electronics,35,Female,177386,Urban,5,0
809,4239.75,9.23,Grocery,64,Male,138161,Rural,1,0
810,4955.54,5.79,Restaurant,19,Male,156310,Rural,1,0
811,2704.63,23.49,Grocery,78,Female,128616,Suburban,2,1
812,206.16,2.19,Online,20,Female,57245,Rural,4,0
813,1357.54,8.62,Electronics,18,Female,79338,Rural,5,0
814,2361.53,18.97,Healthcare,38,Male,35446,Suburban,3,0
815,959.63,9.17,Fuel,69,Female,86438,Rural,4,0
816,4056.12,22.97,Restaurant,29,Male,93616,Suburban,5,1
817,1320.85,13.17,Fashion,65,Female,170178,Rural,0,0
818,400.4,13.14,Electronics,37,Female,126949,Suburban,3,0
819,53.83,6.15,Restaurant,39,Female,102938,Rural,3,1
820,2767.72,15.41,Healthcare,53,Female,24643,Urban,1,0
821,4366.99,19.89,Healthcare,53,Male,70784,Rural,5,1
822,445.99,12.02,Healthcare,22,Male,158533,Rural,3,0
823,4980.5,6.24,Online,18,Male,160404,Urban,0,0
824,2451.04,9.05,Healthcare,24,Male,51986,Urban,5,0
825,3620.1,21.29,Restaurant,44,Male,132664,Urban,3,1
826,1062.01,6.28,Travel,54,Female,136802,Urban,4,0
827,4744.56,12.78,Travel,53,Female,80930,Rural,0,0
828,4537.49,12.59,Fashion,76,Male,135811,Suburban,5,1
829,2710.01,0.85,Healthcare,57,Male,126992,Rural,5,0
830,1964.4,3.74,Fuel,56,Female,101481,Urban,4,1
831,1319.52,6.73,Fuel,61,Male,72843,Rural,0,0
832,4700.41,20.96,Healthcare,79,Male,51059,Rural,5,1
833,4180.91,1.1,Electronics,21,Female,172787,Urban,0,1
834,1877.34,17.25,Travel,68,Male,175251,Rural,5,1
835,2814.61,3.93,Fashion,76,Male,114606,Rural,5,0
836,1181.74,4.3,Healthcare,74,Female,81424,Suburban,4,0
837,2216.46,18.75,Online,44,Female,162600,Urban,3,0
838,1295.65,23.03,Fashion,43,Female,134811,Rural,2,0
839,886.42,21.0,Healthcare,70,Female,42995,Rural,4,0
840,3468.93,13.23,Online,54,Female,21775,Urban,2,1
841,1680.89,2.56,Healthcare,35,Male,199426,Rural,5,0
842,690.79,9.46,Electronics,35,Female,52414,Urban,4,0
843,3928.07,15.06,Restaurant,73,Male,141151,Suburban,5,1
844,4870.26,10.76,Healthcare,60,Female,167762,Suburban,4,1
845,163.41,19.18,Grocery,43,Male,121934,Urban,2,1
846,2885.55,3.22,Fashion,22,Male,102889,Urban,5,0
847,172.55,19.82,Electronics,69,Female,68573,Rural,0,0
848,2399.37,15.03,Electronics,71,Female,55055,Suburban,3,0
849,1891.37,5.05,Fashion,74,Male,119463,Urban,2,0
850,3098.8,21.73,Electronics,77,Male,97724,Suburban,5,1
851,111.3,9.85,Electronics,29,Female,191822,Rural,2,1
852,1064.49,14.15,Fuel,60,Male,167134,Rural,2,1
853,2583.81,4.43,Online,20,Female,194594,Suburban,5,0
854,993.79,19.81,Online,73,Female,35363,Urban,4,0
855,2147.36,16.06,Fuel,32,Female,120454,Suburban,2,0
856,1920.72,21.88,Electronics,77,Male,161430,Urban,0,0
857,3497.87,14.7,Fashion,49,Male,111607,Urban,1,0
858,3274.76,2.57,Restaurant,78,Female,20107,Urban,4,1
859,3013.54,13.47,Fashion,56,Female,65341,Rural,0,0
860,930.23,13.11,Fashion,47,Male,135564,Suburban,5,0
861,2047.15,13.19,Electronics,60,Female,143894,Rural,1,0
862,915.83,6.91,Fashion,62,Male,85956,Suburban,4,0
863,1974.62,14.08,Fashion,35,Female,141692,Rural,1,0
864,118.21,17.99,Electronics,45,Male,156393,Urban,1,0
865,308.09,0.01,Travel,22,Male,145763,Urban,0,0
866,3606.83,17.28,Restaurant,30,Male,104952,Urban,3,1
867,57.93,0.39,Healthcare,48,Female,81386,Rural,2,0
868,1949.03,16.08,Fuel,54,Male,29907,Suburban,5,0
869,4544.86,9.29,Grocery,29,Female,142584,Suburban,3,1
870,1149.56,3.61,Online,67,Female,185033,Rural,3,0
871,3692.57,13.99,Restaurant,64,Female,164752,Urban,0,0
872,858.84,11.19,Healthcare,73,Female,121749,Rural,1,0
873,243.01,9.46,Electronics,33,Female,168662,Suburban,4,0
874,4296.87,21.85,Grocery,79,Male,38609,Suburban,3,1
875,3319.7,2.88,Fuel,45,Male,171913,Urban,0,0
876,4976.41,0.62,Travel,54,Male,111929,Rural,5,1
877,2662.1,15.06,Electronics,43,Female,88425,Rural,2,0
878,2215.15,5.34,Fashion,49,Female,83924,Rural,1,0
879,2972.02,3.04,Electronics,79,Female,50276,Urban,2,0
880,910.2,9.04,Healthcare,52,Male,45728,Suburban,3,1
881,2309.18,18.03,Fuel,46,Male,90105,Rural,5,0
882,4211.52,0.12,Online,65,Male,105796,Rural,3,1
883,3807.55,5.26,Healthcare,78,Female,34150,Rural,4,1
884,4340.1,6.39,Fuel,46,Female,198489,Urban,0,0
885,133.32,15.16,Fashion,51,Male,78051,Suburban,4,0
886,4035.93,4.61,Online,39,Male,152617,Rural,5,1
887,2067.33,6.56,Fuel,22,Male,154013,Urban,2,0
888,4445.55,3.25,Grocery,64,Male,98030,Rural,1,0
889,2935.77,17.78,Restaurant,38,Female,128970,Suburban,2,0
890,2956.93,14.2,Electronics,29,Female,129289,Rural,3,0
891,346.71,20.29,Fuel,48,Male,158014,Suburban,0,0
892,3805.9,5.43,Restaurant,64,Male,127695,Rural,2,1
893,3349.13,22.04,Grocery,75,Male,170541,Urban,3,1
894,3541.39,9.32,Healthcare,23,Male,117941,Rural,5,1
895,2678.17,12.34,Fashion,73,Female,156299,Suburban,2,0
896,2035.21,18.71,Electronics,55,Male,46796,Suburban,4,1
897,2011.02,21.7,Restaurant,23,Male,42049,Urban,2,1
898,4534.81,11.81,Fashion,29,Female,170411,Urban,4,1
899,3927.09,13.02,Fashion,49,Female,56803,Rural,4,1
900,4865.57,9.28,Healthcare,60,Male,111338,Rural,4,1
901,397.01,14.29,Grocery,39,Male,62225,Urban,5,0
902,3094.94,19.94,Restaurant,31,Male,123347,Urban,5,1
903,1869.16,16.19,Fashion,39,Female,58753,Rural,3,0
904,1014.55,15.7,Grocery,66,Female,146494,Suburban,5,0
905,3423.97,17.94,Restaurant,76,Female,111463,Suburban,3,1
906,1504.28,13.86,Fashion,68,Female,176563,Rural,1,0
907,509.9,5.97,Online,44,Female,196109,Suburban,1,1
908,2019.67,21.04,Travel,66,Female,101919,Urban,4,0
909,2020.1,18.27,Healthcare,47,Male,183705,Rural,1,0
910,537.48,18.63,Healthcare,62,Female,69555,Rural,1,0
911,3457.16,9.83,Electronics,40,Male,37490,Rural,3,1
912,1778.06,6.9,Electronics,71,Female,184649,Urban,4,0
913,4018.25,15.54,Grocery,48,Female,90724,Rural,5,1
914,4209.12,11.36,Fashion,49,Male,73613,Rural,1,0
915,3281.56,14.91,Healthcare,71,Male,80000,Suburban,3,1
916,2365.5,0.94,Fashion,78,Male,42250,Suburban,4,0
917,1698.28,5.07,Healthcare,45,Male,45463,Rural,2,0
918,640.3,7.55,Healthcare,30,Male,171818,Rural,2,0
919,696.8,9.36,Fashion,47,Male,33116,Rural,3,1
920,2745.21,1.57,Restaurant,46,Female,165785,Urban,4,1
921,587.9,4.76,Fuel,34,Male,191174,Suburban,3,0
922,2586.62,13.31,Travel,39,Female,190316,Urban,3,1
923,615.84,6.86,Fashion,47,Male,178114,Urban,1,0
924,2535.27,6.55,Travel,44,Female,131103,Suburban,0,0
925,4272.4,6.89,Electronics,74,Male,83927,Rural,5,1
926,4954.26,19.57,Healthcare,64,Female,39753,Urban,3,1
927,4479.84,13.85,Restaurant,36,Female,179333,Rural,3,1
928,3024.98,16.57,Grocery,34,Male,160342,Suburban,3,1
929,1609.24,8.83,Restaurant,43,Female,142137,Suburban,0,1
930,3308.99,6.69,Restaurant,18,Male,177045,Suburban,2,1
931,4198.19,17.35,Fashion,59,Male,190731,Suburban,4,1
932,157.68,18.04,Restaurant,40,Male,143274,Suburban,3,0
933,4390.04,15.13,Restaurant,79,Female,129889,Rural,0,0
934,4257.55,21.19,Fashion,56,Female,25207,Urban,1,1
935,2209.44,13.55,Healthcare,21,Male,64741,Rural,4,0
936,4273.71,18.94,Grocery,22,Female,102623,Rural,3,1
937,4692.29,23.34,Electronics,49,Male,163777,Urban,3,1
938,835.98,19.11,Grocery,68,Male,157670,Urban,0,0
939,2866.57,5.43,Grocery,21,Male,183191,Rural,3,0
940,3306.13,9.38,Fuel,52,Male,26085,Rural,5,1
941,3547.62,1.07,Electronics,26,Female,162343,Urban,2,1
942,1338.95,23.77,Grocery,76,Female,51350,Rural,2,0
943,1195.37,22.03,Electronics,24,Male,67293,Urban,1,0
944,436.37,17.63,Fuel,61,Male,174428,Rural,1,0
945,2714.42,7.32,Fuel,79,Male,108934,Suburban,3,0
946,2229.82,8.39,Travel,57,Male,190430,Rural,4,1
947,1799.47,1.17,Electronics,73,Female,175369,Rural,2,0
948,3920.79,23.45,Grocery,31,Female,28967,Urban,1,0
949,4296.56,22.49,Fuel,80,Male,80442,Urban,0,0
950,3124.44,8.05,Travel,75,Female,32724,Suburban,1,0
951,424.87,18.67,Fuel,50,Female,135870,Rural,4,1
952,4793.91,10.05,Electronics,24,Male,128377,Urban,1,0
953,4360.63,5.71,Restaurant,50,Female,145698,Suburban,3,1
954,1740.09,8.87,Fuel,73,Female,137080,Rural,1,0
955,3869.16,20.36,Online,52,Male,98531,Rural,2,1
956,2764.91,22.28,Restaurant,19,Female,34135,Suburban,1,0
957,1828.7,21.0,Travel,73,Male,128881,Urban,4,0
958,2504.36,6.19,Grocery,39,Male,76185,Rural,2,0
959,3345.47,9.4,Healthcare,61,Female,92115,Urban,3,1
960,2781.99,13.56,Healthcare,35,Male,99414,Rural,5,0
961,3344.47,19.0,Healthcare,32,Female,96288,Rural,1,0
962,3367.43,11.32,Electronics,61,Female,124675,Suburban,1,0
963,1235.13,4.19,Restaurant,40,Male,54113,Rural,2,0
964,3229.27,21.29,Travel,49,Male,144833,Urban,0,0
965,965.28,12.84,Travel,22,Female,82545,Urban,3,1
966,1115.44,17.05,Restaurant,59,Male,114862,Rural,5,1
967,1559.91,20.68,Fashion,22,Female,52222,Suburban,1,0
968,4123.25,13.77,Restaurant,19,Female,113211,Suburban,0,0
969,3268.17,21.8,Restaurant,54,Female,56499,Suburban,2,1
970,1981.49,22.6,Fuel,32,Female,175782,Urban,3,1
971,3177.85,14.83,Fashion,29,Male,22082,Suburban,5,1
972,3520.77,13.38,Fashion,72,Female,28088,Rural,0,0
973,4458.47,18.77,Grocery,64,Male,172901,Suburban,1,0
974,2464.17,10.53,Electronics,51,Male,126477,Rural,3,0
975,4681.73,18.07,Electronics,53,Female,112809,Rural,5,1
976,3905.14,18.27,Healthcare,54,Male,115896,Suburban,4,1
977,2626.58,21.09,Fashion,29,Female,196190,Rural,3,0
978,4252.64,10.83,Restaurant,37,Female,43216,Rural,4,1
979,1299.41,7.16,Restaurant,63,Female,167146,Rural,2,0
980,2632.06,13.34,Online,53,Male,125353,Suburban,1,1
981,4733.72,18.13,Healthcare,77,Female,123216,Suburban,3,1
982,722.92,13.19,Electronics,30,Male,191930,Rural,3,1
983,2207.87,2.79,Healthcare,57,Male,72571,Rural,1,0
984,2918.07,16.25,Electronics,51,Male,180667,Suburban,0,0
985,3736.4,2.99,Fashion,69,Male,85734,Rural,4,1
986,240.11,22.59,Online,42,Female,67126,Suburban,5,0
987,3962.67,2.72,Fashion,31,Male,62774,Rural,4,1
988,4407.7,23.32,Healthcare,61,Female,113855,Suburban,0,1
989,2274.72,3.13,Travel,47,Female,134842,Suburban,2,1
990,2655.22,19.59,Healthcare,22,Male,30547,Urban,2,1
991,4442.66,19.4,Healthcare,80,Female,164445,Urban,1,0
992,1101.26,0.11,Fashion,53,Male,39401,Rural,4,0
993,2900.58,3.49,Fashion,26,Male,55953,Suburban,0,0
994,3667.21,18.68,Online,80,Male,36070,Rural,2,1
995,960.09,11.71,Grocery,27,Male,100797,Urban,2,0
996,2020.58,8.76,Fashion,50,Female,71698,Urban,1,1
997,1407.99,7.5,Restaurant,38,Female,22959,Suburban,4,0
998,67.27,4.52,Online,34,Female,125220,Rural,5,0
999,3949.7,21.4,Grocery,74,Male,165593,Rural,4,1
1000,140.17,23.41,Travel,74,Male,159617,Suburban,3,0
